-- ============================================================
-- Auriz — Seed de desenvolvimento
-- Dados espelho do prototype (index.html) para testes locais.
-- Execute APÓS as migrations. Não use em produção.
-- ============================================================

BEGIN;

-- ── 1. Família ───────────────────────────────────────────────
INSERT INTO families (id, name, slug) VALUES
  ('00000000-0000-0000-0000-000000000001', 'Família Souza', 'familia-souza');

-- ── 2. Membros (sem user_id — prototype sem auth) ────────────
INSERT INTO members (id, family_id, name, color, monthly_income) VALUES
  ('00000000-0000-0000-0001-000000000001', '00000000-0000-0000-0000-000000000001', 'Rodrigo Souza', 'gold', 8200.00),
  ('00000000-0000-0000-0001-000000000002', '00000000-0000-0000-0000-000000000001', 'Laryssa Souza', 'sage', 7400.00);

-- ── 3. Categorias globais (family_id NULL = disponível para todos) ──
INSERT INTO categories (id, family_id, name, icon, color, is_income, is_default) VALUES
  ('00000000-0000-0000-0002-000000000001', NULL, 'Aluguel',      'Home',         'terra',   FALSE, TRUE),
  ('00000000-0000-0000-0002-000000000002', NULL, 'Mercado',      'ShoppingCart', 'sage',    FALSE, TRUE),
  ('00000000-0000-0000-0002-000000000003', NULL, 'Academia',     'Dumbbell',     'teal',    FALSE, TRUE),
  ('00000000-0000-0000-0002-000000000004', NULL, 'Lazer',        'Sparkles',     'plum',    FALSE, TRUE),
  ('00000000-0000-0000-0002-000000000005', NULL, 'Roupas',       'Shirt',        'amber',   FALSE, TRUE),
  ('00000000-0000-0000-0002-000000000006', NULL, 'Saúde',        'HeartPulse',   'terra',   FALSE, TRUE),
  ('00000000-0000-0000-0002-000000000007', NULL, 'Transporte',   'Car',          'teal',    FALSE, TRUE),
  ('00000000-0000-0000-0002-000000000008', NULL, 'Assinaturas',  'Monitor',      'plum',    FALSE, TRUE),
  ('00000000-0000-0000-0002-000000000009', NULL, 'Investimento', 'TrendingUp',   'sage',    FALSE, TRUE),
  ('00000000-0000-0000-0002-000000000010', NULL, 'Outros',       'Wallet',       'neutral', FALSE, TRUE),
  ('00000000-0000-0000-0002-000000000011', NULL, 'Salário',      'TrendingUp',   'sage',    TRUE,  TRUE);

-- ── 4. Transações (outubro 2025, espelho do prototype) ───────
INSERT INTO transactions (
  id, family_id, member_id, category_id,
  description, amount, transaction_date, method,
  is_shared, is_recurring,
  installment_current, installment_total, installment_group_id
) VALUES
  (
    '00000000-0000-0000-0003-000000000001',
    '00000000-0000-0000-0000-000000000001',
    '00000000-0000-0000-0001-000000000001',
    '00000000-0000-0000-0002-000000000002',
    'Pão de Açúcar', -247.30, '2025-10-14', 'PIX',
    TRUE, FALSE, NULL, NULL, NULL
  ),
  (
    '00000000-0000-0000-0003-000000000002',
    '00000000-0000-0000-0000-000000000001',
    '00000000-0000-0000-0001-000000000001',
    '00000000-0000-0000-0002-000000000007',
    'Posto Ipiranga', -180.00, '2025-10-14', 'Cartão',
    FALSE, FALSE, NULL, NULL, NULL
  ),
  (
    '00000000-0000-0000-0003-000000000003',
    '00000000-0000-0000-0000-000000000001',
    '00000000-0000-0000-0001-000000000002',
    '00000000-0000-0000-0002-000000000006',
    'Farmácia São Paulo', -89.40, '2025-10-13', 'PIX',
    FALSE, FALSE, NULL, NULL, NULL
  ),
  (
    '00000000-0000-0000-0003-000000000004',
    '00000000-0000-0000-0000-000000000001',
    '00000000-0000-0000-0001-000000000002',
    '00000000-0000-0000-0002-000000000008',
    'Netflix · Plano família', -55.90, '2025-10-12', 'Cartão',
    TRUE, TRUE, 12, 12, '00000000-0000-0000-0009-000000000001'
  ),
  (
    '00000000-0000-0000-0003-000000000005',
    '00000000-0000-0000-0000-000000000001',
    '00000000-0000-0000-0001-000000000001',
    '00000000-0000-0000-0002-000000000010',
    'Smart TV LG · 4K', -329.00, '2025-10-12', 'Cartão',
    FALSE, FALSE, 3, 12, '00000000-0000-0000-0009-000000000002'
  ),
  (
    '00000000-0000-0000-0003-000000000006',
    '00000000-0000-0000-0000-000000000001',
    '00000000-0000-0000-0001-000000000002',
    '00000000-0000-0000-0002-000000000003',
    'Smart Fit', -129.90, '2025-10-10', 'PIX',
    FALSE, TRUE, NULL, NULL, NULL
  ),
  (
    '00000000-0000-0000-0003-000000000007',
    '00000000-0000-0000-0000-000000000001',
    '00000000-0000-0000-0001-000000000001',
    '00000000-0000-0000-0002-000000000004',
    'Cinemark · Vila Olímpia', -98.00, '2025-10-08', 'PIX',
    TRUE, FALSE, NULL, NULL, NULL
  ),
  (
    '00000000-0000-0000-0003-000000000008',
    '00000000-0000-0000-0000-000000000001',
    '00000000-0000-0000-0001-000000000002',
    '00000000-0000-0000-0002-000000000002',
    'Carrefour', -412.85, '2025-10-06', 'Cartão',
    TRUE, FALSE, NULL, NULL, NULL
  ),
  (
    '00000000-0000-0000-0003-000000000009',
    '00000000-0000-0000-0000-000000000001',
    '00000000-0000-0000-0001-000000000001',
    '00000000-0000-0000-0002-000000000011',
    'Salário · Studio K', 8200.00, '2025-10-05', 'PIX',
    FALSE, TRUE, NULL, NULL, NULL
  ),
  (
    '00000000-0000-0000-0003-000000000010',
    '00000000-0000-0000-0000-000000000001',
    '00000000-0000-0000-0001-000000000002',
    '00000000-0000-0000-0002-000000000011',
    'Salário · Bytecorp', 7400.00, '2025-10-05', 'PIX',
    FALSE, TRUE, NULL, NULL, NULL
  ),
  (
    '00000000-0000-0000-0003-000000000011',
    '00000000-0000-0000-0000-000000000001',
    '00000000-0000-0000-0001-000000000001',
    '00000000-0000-0000-0002-000000000001',
    'Aluguel · Outubro', -2400.00, '2025-10-03', 'PIX',
    TRUE, TRUE, NULL, NULL, NULL
  ),
  (
    '00000000-0000-0000-0003-000000000012',
    '00000000-0000-0000-0000-000000000001',
    '00000000-0000-0000-0001-000000000002',
    '00000000-0000-0000-0002-000000000005',
    'Iguatemi · Camiseta', -179.00, '2025-10-02', 'Cartão',
    FALSE, FALSE, NULL, NULL, NULL
  );

-- ── 5. Teto de Gastos (outubro 2025) ─────────────────────────
INSERT INTO budget_limits (family_id, category_id, month, year, limit_amount) VALUES
  ('00000000-0000-0000-0000-000000000001', '00000000-0000-0000-0002-000000000002', 10, 2025, 900.00),   -- Mercado
  ('00000000-0000-0000-0000-000000000001', '00000000-0000-0000-0002-000000000004', 10, 2025, 400.00),   -- Lazer
  ('00000000-0000-0000-0000-000000000001', '00000000-0000-0000-0002-000000000007', 10, 2025, 500.00),   -- Transporte
  ('00000000-0000-0000-0000-000000000001', '00000000-0000-0000-0002-000000000001', 10, 2025, 2500.00),  -- Aluguel
  ('00000000-0000-0000-0000-000000000001', '00000000-0000-0000-0002-000000000006', 10, 2025, 300.00),   -- Saúde
  ('00000000-0000-0000-0000-000000000001', '00000000-0000-0000-0002-000000000003', 10, 2025, 200.00);   -- Academia

-- ── 6. Metas ─────────────────────────────────────────────────
INSERT INTO goals (id, family_id, title, category, target_amount, saved_amount, deadline, tone) VALUES
  (
    '00000000-0000-0000-0004-000000000001',
    '00000000-0000-0000-0000-000000000001',
    'Lisboa em maio', 'Viagem',
    9000.00, 6900.00, '2026-05-31', 'plum'
  ),
  (
    '00000000-0000-0000-0004-000000000002',
    '00000000-0000-0000-0000-000000000001',
    'Civic 2020 usado', 'Veículo',
    78000.00, 22400.00, '2027-03-31', 'teal'
  ),
  (
    '00000000-0000-0000-0004-000000000003',
    '00000000-0000-0000-0000-000000000001',
    'Reserva de emergência', 'Reserva',
    18000.00, 11800.00, NULL, 'sage'
  );

-- ── 7. Economias (outubro 2025) ───────────────────────────────
INSERT INTO savings (family_id, month, year, amount) VALUES
  ('00000000-0000-0000-0000-000000000001', 10, 2025, 11800.00);

-- ── 8. Transferência sugerida (outubro 2025) ─────────────────
INSERT INTO transfers (
  family_id, from_member_id, to_member_id,
  amount, month, year
) VALUES (
  '00000000-0000-0000-0000-000000000001',
  '00000000-0000-0000-0001-000000000001',  -- Rodrigo → Laryssa
  '00000000-0000-0000-0001-000000000002',
  432.00, 10, 2025
);

-- ── 9. Insight de IA ─────────────────────────────────────────
INSERT INTO insights (family_id, content, month, year) VALUES
  (
    '00000000-0000-0000-0000-000000000001',
    'Você tem gastado 38% mais com transporte desde abril. Pode valer revisar a meta da categoria.',
    10, 2025
  );

COMMIT;
